{
    "1": {
        "title": "Lorem Ipsum",
        "date": "1 Jan, 2023",
        "mod_date": "2 Jan, 2023 at 08.12",
        "note": "Lorem ipsum dolor sit amet consectetur adipisicing elit. ",
        "label": "Work",
        "bg": true,
        "bg_url": "icon/ic-label.svg",
        "thumb": true,
        "thumb_url": "",
        "color_theme": "default"
    },
    "2": {
        "title": "Lorem ipsum dolor sit amet",
        "date": "2 Jan, 2023",
        "mod_date": "2 Jan, 2023 at 08.12",
        "note": "Lorem ipsum dolor sit amet consectetur adipisicing elit. Lorem ipsum dolor sit, amet consectetur adipisicing elit. Beatae temporibus officia perferendis, facere maiores minus distinctio quidem ea vitae harum ab, doloremque vel veritatis reiciendis sed fugit iusto aliquid dicta.",
        "label": "Work",
        "bg": true,
        "bg_url": "icon/ic-label.svg",
        "thumb": true,
        "thumb_url": "",
        "color_theme": "default"
    },
    "3": {
        "title": "Lorem Ipsum",
        "date": "3 Jan, 2023",
        "mod_date": "2 Jan, 2023 at 08.12",
        "note": "Lorem ipsum dolor sit.",
        "label": "Work",
        "bg": true,
        "bg_url": "icon/ic-label.svg",
        "thumb": true,
        "thumb_url": "",
        "color_theme": "default"
    },
    "4": {
        "title": "Lorem Ipsum dolor",
        "date": "2 Jan, 2023",
        "mod_date": "2 Jan, 2023 at 08.12",
        "note": "Lorem ipsum dolor sit amet consectetur adipisicing elit. ",
        "label": "Work",
        "bg": true,
        "bg_url": "icon/ic-label.svg",
        "thumb": true,
        "thumb_url": "",
        "color_theme": "default"
    }
}